logged_at_utc,latest_data_time,district,probability,threshold,alert,actual_outcome,notes
2026-09-18T03:43:28+00:00,2026-09-18T23:00:00.000000000,Chennai,0.4484,0.3625906109809875,True,,
2026-09-18T03:43:28+00:00,2026-09-18T23:00:00.000000000,Vellore,0.4567,0.4108425676822662,True,,
2026-09-18T03:43:28+00:00,2026-09-18T23:00:00.000000000,Cuddalore,0.4338,0.5090704560279846,False,,
2026-09-18T03:43:28+00:00,2026-09-18T23:00:00.000000000,Salem,0.2283,0.4784497618675232,False,,
2026-09-18T03:43:28+00:00,2026-09-18T23:00:00.000000000,Erode,0.1511,0.4672334492206573,False,,
2026-09-18T03:43:28+00:00,2026-09-18T23:00:00.000000000,Coimbatore,0.0894,0.6827616691589355,False,,
2026-09-18T03:43:28+00:00,2026-09-18T23:00:00.000000000,Tiruchirappalli,0.3227,0.4565275907516479,False,,
2026-09-18T03:43:28+00:00,2026-09-18T23:00:00.000000000,Thanjavur,0.2549,0.3838133513927459,False,,
2026-09-18T03:43:28+00:00,2026-09-18T23:00:00.000000000,Nagapattinam,0.3098,0.3601170182228088,False,,
2026-09-18T03:43:28+00:00,2026-09-18T23:00:00.000000000,Madurai,0.6436,0.5111874938011169,True,,
2026-09-18T03:43:28+00:00,2026-09-18T23:00:00.000000000,Dindigul,0.295,0.3526493012905121,False,,
2026-09-18T03:43:28+00:00,2026-09-18T23:00:00.000000000,Tirunelveli,0.4895,0.6026043891906738,False,,
2026-09-18T03:43:28+00:00,2026-09-18T23:00:00.000000000,Kanyakumari,0.2371,0.6434805989265442,False,,
2026-09-18T03:50:09+00:00,2026-09-18T23:00:00.000000000,Chennai,0.3722,0.3625906109809875,True,,
2026-09-18T03:50:09+00:00,2026-09-18T23:00:00.000000000,Vellore,0.4543,0.4108425676822662,True,,
2026-09-18T03:50:09+00:00,2026-09-18T23:00:00.000000000,Cuddalore,0.5065,0.5090704560279846,False,,
2026-09-18T03:50:09+00:00,2026-09-18T23:00:00.000000000,Salem,0.2151,0.4784497618675232,False,,
2026-09-18T03:50:09+00:00,2026-09-18T23:00:00.000000000,Erode,0.1024,0.4672334492206573,False,,
2026-09-18T03:50:09+00:00,2026-09-18T23:00:00.000000000,Coimbatore,0.0822,0.6827616691589355,False,,
2026-09-18T03:50:09+00:00,2026-09-18T23:00:00.000000000,Tiruchirappalli,0.4031,0.4565275907516479,False,,
2026-09-18T03:50:09+00:00,2026-09-18T23:00:00.000000000,Thanjavur,0.3199,0.3838133513927459,False,,
2026-09-18T03:50:09+00:00,2026-09-18T23:00:00.000000000,Nagapattinam,0.3561,0.3601170182228088,False,,
2026-09-18T03:50:09+00:00,2026-09-18T23:00:00.000000000,Madurai,0.6269,0.5111874938011169,True,,
2026-09-18T03:50:09+00:00,2026-09-18T23:00:00.000000000,Dindigul,0.2532,0.3526493012905121,False,,
2026-09-18T03:50:09+00:00,2026-09-18T23:00:00.000000000,Tirunelveli,0.4968,0.6026043891906738,False,,
2026-09-18T03:50:09+00:00,2026-09-18T23:00:00.000000000,Kanyakumari,0.2205,0.6434805989265442,False,,
2026-09-18T04:06:40+00:00,2026-09-18T23:00:00.000000000,Chennai,0.3335,0.3625906109809875,False,,
2026-09-18T04:06:40+00:00,2026-09-18T23:00:00.000000000,Vellore,0.3665,0.4108425676822662,False,,
2026-09-18T04:06:40+00:00,2026-09-18T23:00:00.000000000,Cuddalore,0.3738,0.5090704560279846,False,,
2026-09-18T04:06:40+00:00,2026-09-18T23:00:00.000000000,Salem,0.1554,0.4784497618675232,False,,
2026-09-18T04:06:40+00:00,2026-09-18T23:00:00.000000000,Erode,0.0522,0.4672334492206573,False,,
2026-09-18T04:06:40+00:00,2026-09-18T23:00:00.000000000,Coimbatore,0.0995,0.6827616691589355,False,,
2026-09-18T04:06:40+00:00,2026-09-18T23:00:00.000000000,Tiruchirappalli,0.3248,0.4565275907516479,False,,
2026-09-18T04:06:40+00:00,2026-09-18T23:00:00.000000000,Thanjavur,0.3119,0.3838133513927459,False,,
2026-09-18T04:06:40+00:00,2026-09-18T23:00:00.000000000,Nagapattinam,0.3435,0.3601170182228088,False,,
2026-09-18T04:06:40+00:00,2026-09-18T23:00:00.000000000,Madurai,0.5582,0.5111874938011169,True,,
2026-09-18T04:06:40+00:00,2026-09-18T23:00:00.000000000,Dindigul,0.1949,0.3526493012905121,False,,
2026-09-18T04:06:40+00:00,2026-09-18T23:00:00.000000000,Tirunelveli,0.5411,0.6026043891906738,False,,
2026-09-18T04:06:40+00:00,2026-09-18T23:00:00.000000000,Kanyakumari,0.3163,0.6434805989265442,False,,
2026-09-18T06:06:11+00:00,2026-09-18T23:00:00.000000000,Chennai,0.3335,0.3625906109809875,False,,
2026-09-18T06:06:11+00:00,2026-09-18T23:00:00.000000000,Vellore,0.3665,0.4108425676822662,False,,
2026-09-18T06:06:11+00:00,2026-09-18T23:00:00.000000000,Cuddalore,0.3738,0.5090704560279846,False,,
2026-09-18T06:06:11+00:00,2026-09-18T23:00:00.000000000,Salem,0.1554,0.4784497618675232,False,,
2026-09-18T06:06:11+00:00,2026-09-18T23:00:00.000000000,Erode,0.0522,0.4672334492206573,False,,
2026-09-18T06:06:11+00:00,2026-09-18T23:00:00.000000000,Coimbatore,0.0995,0.6827616691589355,False,,
2026-09-18T06:06:11+00:00,2026-09-18T23:00:00.000000000,Tiruchirappalli,0.3248,0.4565275907516479,False,,
2026-09-18T06:06:11+00:00,2026-09-18T23:00:00.000000000,Thanjavur,0.3119,0.3838133513927459,False,,
2026-09-18T06:06:11+00:00,2026-09-18T23:00:00.000000000,Nagapattinam,0.3435,0.3601170182228088,False,,
2026-09-18T06:06:11+00:00,2026-09-18T23:00:00.000000000,Madurai,0.5582,0.5111874938011169,True,,
2026-09-18T06:06:11+00:00,2026-09-18T23:00:00.000000000,Dindigul,0.1949,0.3526493012905121,False,,
2026-09-18T06:06:11+00:00,2026-09-18T23:00:00.000000000,Tirunelveli,0.5411,0.6026043891906738,False,,
2026-09-18T06:06:11+00:00,2026-09-18T23:00:00.000000000,Kanyakumari,0.3163,0.6434805989265442,False,,
2026-09-22T10:08:49+00:00,2026-09-22T23:00:00.000000000,Chennai,0.4355,0.2409971058368683,True,,
2026-09-22T10:08:49+00:00,2026-09-22T23:00:00.000000000,Vellore,0.1028,0.2987792789936065,False,,
2026-09-22T10:08:49+00:00,2026-09-22T23:00:00.000000000,Cuddalore,0.0238,0.4376847743988037,False,,
2026-09-22T10:08:49+00:00,2026-09-22T23:00:00.000000000,Salem,0.0159,0.4970317780971527,False,,
2026-09-22T10:08:49+00:00,2026-09-22T23:00:00.000000000,Erode,0.017,0.4169515371322632,False,,
2026-09-22T10:08:49+00:00,2026-09-22T23:00:00.000000000,Coimbatore,0.0014,0.6324725151062012,False,,
2026-09-22T10:08:49+00:00,2026-09-22T23:00:00.000000000,Tiruchirappalli,0.0002,0.55241858959198,False,,
2026-09-22T10:08:49+00:00,2026-09-22T23:00:00.000000000,Thanjavur,0.0,0.4569724202156067,False,,
2026-09-22T10:08:49+00:00,2026-09-22T23:00:00.000000000,Nagapattinam,0.0074,0.2143146991729736,False,,
2026-09-22T10:08:49+00:00,2026-09-22T23:00:00.000000000,Madurai,0.0012,0.2717299461364746,False,,
2026-09-22T10:08:49+00:00,2026-09-22T23:00:00.000000000,Dindigul,0.0005,0.3970230519771576,False,,
2026-09-22T10:08:49+00:00,2026-09-22T23:00:00.000000000,Tirunelveli,0.227,0.5867652893066406,False,,
2026-09-22T10:08:49+00:00,2026-09-22T23:00:00.000000000,Kanyakumari,0.1102,0.6608561277389526,False,,
2026-09-22T10:14:29+00:00,2026-09-22T23:00:00.000000000,Chennai,0.4355,0.2409971058368683,True,,
2026-09-22T10:14:29+00:00,2026-09-22T23:00:00.000000000,Vellore,0.1028,0.2987792789936065,False,,
2026-09-22T10:14:29+00:00,2026-09-22T23:00:00.000000000,Cuddalore,0.0238,0.4376847743988037,False,,
2026-09-22T10:14:29+00:00,2026-09-22T23:00:00.000000000,Salem,0.0159,0.4970317780971527,False,,
2026-09-22T10:14:29+00:00,2026-09-22T23:00:00.000000000,Erode,0.017,0.4169515371322632,False,,
2026-09-22T10:14:29+00:00,2026-09-22T23:00:00.000000000,Coimbatore,0.0014,0.6324725151062012,False,,
2026-09-22T10:14:29+00:00,2026-09-22T23:00:00.000000000,Tiruchirappalli,0.0002,0.55241858959198,False,,
2026-09-22T10:14:29+00:00,2026-09-22T23:00:00.000000000,Thanjavur,0.0,0.4569724202156067,False,,
2026-09-22T10:14:29+00:00,2026-09-22T23:00:00.000000000,Nagapattinam,0.0074,0.2143146991729736,False,,
2026-09-22T10:14:29+00:00,2026-09-22T23:00:00.000000000,Madurai,0.0012,0.2717299461364746,False,,
2026-09-22T10:14:29+00:00,2026-09-22T23:00:00.000000000,Dindigul,0.0005,0.3970230519771576,False,,
2026-09-22T10:14:29+00:00,2026-09-22T23:00:00.000000000,Tirunelveli,0.227,0.5867652893066406,False,,
2026-09-22T10:14:29+00:00,2026-09-22T23:00:00.000000000,Kanyakumari,0.1102,0.6608561277389526,False,,
2026-09-25T05:45:04+00:00,2026-09-25T23:00:00.000000000,Chennai,0.0546,0.2409971058368683,False,,
2026-09-25T05:45:04+00:00,2026-09-25T23:00:00.000000000,Vellore,0.0129,0.2987792789936065,False,,
2026-09-25T05:45:04+00:00,2026-09-25T23:00:00.000000000,Cuddalore,0.0022,0.4376847743988037,False,,
2026-09-25T05:45:04+00:00,2026-09-25T23:00:00.000000000,Salem,0.0068,0.4970317780971527,False,,
2026-09-25T05:45:04+00:00,2026-09-25T23:00:00.000000000,Erode,0.0044,0.4169515371322632,False,,
2026-09-25T05:45:04+00:00,2026-09-25T23:00:00.000000000,Coimbatore,0.0003,0.6324725151062012,False,,
2026-09-25T05:45:04+00:00,2026-09-25T23:00:00.000000000,Tiruchirappalli,0.0002,0.55241858959198,False,,
2026-09-25T05:45:04+00:00,2026-09-25T23:00:00.000000000,Thanjavur,0.0005,0.4569724202156067,False,,
2026-09-25T05:45:04+00:00,2026-09-25T23:00:00.000000000,Nagapattinam,0.0106,0.2143146991729736,False,,
2026-09-25T05:45:04+00:00,2026-09-25T23:00:00.000000000,Madurai,0.0003,0.2717299461364746,False,,
2026-09-25T05:45:04+00:00,2026-09-25T23:00:00.000000000,Dindigul,0.0003,0.3970230519771576,False,,
2026-09-25T05:45:04+00:00,2026-09-25T23:00:00.000000000,Tirunelveli,0.0045,0.5867652893066406,False,,
2026-09-25T05:45:04+00:00,2026-09-25T23:00:00.000000000,Kanyakumari,0.1812,0.6608561277389526,False,,
2026-09-25T05:48:02+00:00,2026-09-25T23:00:00.000000000,Chennai,0.0546,0.2409971058368683,False,,
2026-09-25T05:48:02+00:00,2026-09-25T23:00:00.000000000,Vellore,0.0129,0.2987792789936065,False,,
2026-09-25T05:48:02+00:00,2026-09-25T23:00:00.000000000,Cuddalore,0.0022,0.4376847743988037,False,,
2026-09-25T05:48:02+00:00,2026-09-25T23:00:00.000000000,Salem,0.0068,0.4970317780971527,False,,
2026-09-25T05:48:02+00:00,2026-09-25T23:00:00.000000000,Erode,0.0044,0.4169515371322632,False,,
2026-09-25T05:48:02+00:00,2026-09-25T23:00:00.000000000,Coimbatore,0.0003,0.6324725151062012,False,,
2026-09-25T05:48:02+00:00,2026-09-25T23:00:00.000000000,Tiruchirappalli,0.0002,0.55241858959198,False,,
2026-09-25T05:48:02+00:00,2026-09-25T23:00:00.000000000,Thanjavur,0.0005,0.4569724202156067,False,,
2026-09-25T05:48:02+00:00,2026-09-25T23:00:00.000000000,Nagapattinam,0.0106,0.2143146991729736,False,,
2026-09-25T05:48:02+00:00,2026-09-25T23:00:00.000000000,Madurai,0.0003,0.2717299461364746,False,,
2026-09-25T05:48:02+00:00,2026-09-25T23:00:00.000000000,Dindigul,0.0003,0.3970230519771576,False,,
2026-09-25T05:48:02+00:00,2026-09-25T23:00:00.000000000,Tirunelveli,0.0045,0.5867652893066406,False,,
2026-09-25T05:48:02+00:00,2026-09-25T23:00:00.000000000,Kanyakumari,0.1812,0.6608561277389526,False,,
2026-10-05T05:37:49+00:00,2026-10-05T23:00:00.000000000,Chennai,0.0692,0.2409971058368683,False,,
2026-10-05T05:37:49+00:00,2026-10-05T23:00:00.000000000,Vellore,0.025,0.2987792789936065,False,,
2026-10-05T05:37:49+00:00,2026-10-05T23:00:00.000000000,Cuddalore,0.0116,0.4376847743988037,False,,
2026-10-05T05:37:49+00:00,2026-10-05T23:00:00.000000000,Salem,0.026,0.4970317780971527,False,,
2026-10-05T05:37:49+00:00,2026-10-05T23:00:00.000000000,Erode,0.0835,0.4169515371322632,False,,
2026-10-05T05:37:49+00:00,2026-10-05T23:00:00.000000000,Coimbatore,0.0663,0.6324725151062012,False,,
2026-10-05T05:37:49+00:00,2026-10-05T23:00:00.000000000,Tiruchirappalli,0.0352,0.55241858959198,False,,
2026-10-05T05:37:49+00:00,2026-10-05T23:00:00.000000000,Thanjavur,0.0049,0.4569724202156067,False,,
2026-10-05T05:37:49+00:00,2026-10-05T23:00:00.000000000,Nagapattinam,0.0019,0.2143146991729736,False,,
2026-10-05T05:37:49+00:00,2026-10-05T23:00:00.000000000,Madurai,0.053,0.2717299461364746,False,,
2026-10-05T05:37:49+00:00,2026-10-05T23:00:00.000000000,Dindigul,0.0922,0.3970230519771576,False,,
2026-10-05T05:37:49+00:00,2026-10-05T23:00:00.000000000,Tirunelveli,0.3549,0.5867652893066406,False,,
2026-10-05T05:37:49+00:00,2026-10-05T23:00:00.000000000,Kanyakumari,0.3853,0.6608561277389526,False,,
2026-10-05T05:41:07+00:00,2026-10-05T23:00:00.000000000,Chennai,0.0692,0.2409971058368683,False,,
2026-10-05T05:41:07+00:00,2026-10-05T23:00:00.000000000,Vellore,0.025,0.29877927899360657,False,,
2026-10-05T05:41:07+00:00,2026-10-05T23:00:00.000000000,Cuddalore,0.0116,0.4376847743988037,False,,
2026-10-05T05:41:07+00:00,2026-10-05T23:00:00.000000000,Salem,0.026,0.4970317780971527,False,,
2026-10-05T05:41:07+00:00,2026-10-05T23:00:00.000000000,Erode,0.0835,0.4169515371322632,False,,
2026-10-05T05:41:07+00:00,2026-10-05T23:00:00.000000000,Coimbatore,0.0663,0.6324725151062012,False,,
2026-10-05T05:41:07+00:00,2026-10-05T23:00:00.000000000,Tiruchirappalli,0.0352,0.55241858959198,False,,
2026-10-05T05:41:07+00:00,2026-10-05T23:00:00.000000000,Thanjavur,0.0049,0.4569724202156067,False,,
2026-10-05T05:41:07+00:00,2026-10-05T23:00:00.000000000,Nagapattinam,0.0019,0.21431469917297363,False,,
2026-10-05T05:41:07+00:00,2026-10-05T23:00:00.000000000,Madurai,0.053,0.2717299461364746,False,,
2026-10-05T05:41:07+00:00,2026-10-05T23:00:00.000000000,Dindigul,0.0922,0.3970230519771576,False,,
2026-10-05T05:41:07+00:00,2026-10-05T23:00:00.000000000,Tirunelveli,0.3549,0.5867652893066406,False,,
2026-10-05T05:41:07+00:00,2026-10-05T23:00:00.000000000,Kanyakumari,0.3853,0.6608561277389526,False,,
