logged_at_utc,latest_data_time,probability,threshold,alert,actual_outcome,notes,district
2026-09-11T08:30:47+00:00,2026-09-11T18:00:00.000000000,0.9459,0.15,True,,,
2026-09-12T04:10:25+00:00,2026-09-12T23:00:00.000000000,0.8138,0.15,True,,,
2026-09-12T04:12:39+00:00,2026-09-12T23:00:00.000000000,0.8138,0.15,True,,,
2026-09-15T08:39:20+00:00,2026-09-15T23:00:00.000000000,0.9982,0.1574446260929107,True,,,
2026-09-15T08:42:42+00:00,2026-09-15T23:00:00.000000000,0.9982,0.1574446260929107,True,,,
2026-09-15T09:16:41+00:00,2026-09-15T23:00:00.000000000,0.4649,0.5760939121246338,False,,,Chennai
2026-09-15T09:16:41+00:00,2026-09-15T23:00:00.000000000,0.9257,0.4505346417427063,True,,,Vellore
2026-09-15T09:16:41+00:00,2026-09-15T23:00:00.000000000,0.9088,0.8274636268615723,True,,,Cuddalore
2026-09-15T09:16:41+00:00,2026-09-15T23:00:00.000000000,0.9961,0.7792423367500305,True,,,Salem
2026-09-15T09:16:41+00:00,2026-09-15T23:00:00.000000000,0.9815,0.7330629825592041,True,,,Erode
2026-09-15T09:16:41+00:00,2026-09-15T23:00:00.000000000,0.857,0.712540328502655,True,,,Coimbatore
2026-09-15T09:16:41+00:00,2026-09-15T23:00:00.000000000,0.4916,0.8508884310722351,False,,,Tiruchirappalli
2026-09-15T09:16:41+00:00,2026-09-15T23:00:00.000000000,0.9799,0.8758665919303894,True,,,Thanjavur
2026-09-15T09:16:41+00:00,2026-09-15T23:00:00.000000000,0.1004,0.7886884212493896,False,,,Nagapattinam
2026-09-15T09:16:41+00:00,2026-09-15T23:00:00.000000000,0.1574,0.8646252751350403,False,,,Madurai
2026-09-15T09:16:41+00:00,2026-09-15T23:00:00.000000000,0.9842,0.8698185086250305,True,,,Dindigul
2026-09-15T09:16:41+00:00,2026-09-15T23:00:00.000000000,0.7263,0.8236636519432068,False,,,Tirunelveli
2026-09-15T09:16:41+00:00,2026-09-15T23:00:00.000000000,0.0187,0.7219560742378235,False,,,Kanyakumari
2026-09-16T06:40:37+00:00,2026-09-16T23:00:00.000000000,0.3825,0.4965344667434692,False,,,Chennai
2026-09-16T06:40:37+00:00,2026-09-16T23:00:00.000000000,0.5892,0.6063238382339478,False,,,Vellore
2026-09-16T06:40:37+00:00,2026-09-16T23:00:00.000000000,0.6011,0.4991987347602844,True,,,Cuddalore
2026-09-16T06:40:37+00:00,2026-09-16T23:00:00.000000000,0.3832,0.6633297801017761,False,,,Salem
2026-09-16T06:40:37+00:00,2026-09-16T23:00:00.000000000,0.4453,0.6950821876525879,False,,,Erode
2026-09-16T06:40:37+00:00,2026-09-16T23:00:00.000000000,0.4104,0.7069346308708191,False,,,Coimbatore
2026-09-16T06:40:37+00:00,2026-09-16T23:00:00.000000000,0.5775,0.4721760749816894,True,,,Tiruchirappalli
2026-09-16T06:40:37+00:00,2026-09-16T23:00:00.000000000,0.579,0.4487533271312713,True,,,Thanjavur
2026-09-16T06:40:37+00:00,2026-09-16T23:00:00.000000000,0.5158,0.4650175273418426,True,,,Nagapattinam
2026-09-16T06:40:37+00:00,2026-09-16T23:00:00.000000000,0.4715,0.5666149258613586,False,,,Madurai
2026-09-16T06:40:37+00:00,2026-09-16T23:00:00.000000000,0.3265,0.5986827611923218,False,,,Dindigul
2026-09-16T06:40:37+00:00,2026-09-16T23:00:00.000000000,0.3992,0.598065972328186,False,,,Tirunelveli
2026-09-16T06:40:37+00:00,2026-09-16T23:00:00.000000000,0.6587,0.669559121131897,False,,,Kanyakumari
2026-09-16T06:43:39+00:00,2026-09-16T23:00:00.000000000,0.3825,0.4965344667434692,False,,,Chennai
2026-09-16T06:43:39+00:00,2026-09-16T23:00:00.000000000,0.5892,0.6063238382339478,False,,,Vellore
2026-09-16T06:43:39+00:00,2026-09-16T23:00:00.000000000,0.6011,0.4991987347602844,True,,,Cuddalore
2026-09-16T06:43:39+00:00,2026-09-16T23:00:00.000000000,0.3832,0.6633297801017761,False,,,Salem
2026-09-16T06:43:39+00:00,2026-09-16T23:00:00.000000000,0.4453,0.6950821876525879,False,,,Erode
2026-09-16T06:43:39+00:00,2026-09-16T23:00:00.000000000,0.4104,0.7069346308708191,False,,,Coimbatore
2026-09-16T06:43:39+00:00,2026-09-16T23:00:00.000000000,0.5775,0.4721760749816894,True,,,Tiruchirappalli
2026-09-16T06:43:39+00:00,2026-09-16T23:00:00.000000000,0.579,0.4487533271312713,True,,,Thanjavur
2026-09-16T06:43:39+00:00,2026-09-16T23:00:00.000000000,0.5158,0.4650175273418426,True,,,Nagapattinam
2026-09-16T06:43:39+00:00,2026-09-16T23:00:00.000000000,0.4715,0.5666149258613586,False,,,Madurai
2026-09-16T06:43:39+00:00,2026-09-16T23:00:00.000000000,0.3265,0.5986827611923218,False,,,Dindigul
2026-09-16T06:43:39+00:00,2026-09-16T23:00:00.000000000,0.3992,0.598065972328186,False,,,Tirunelveli
2026-09-16T06:43:39+00:00,2026-09-16T23:00:00.000000000,0.6587,0.669559121131897,False,,,Kanyakumari
2026-09-18T03:49:03+00:00,2026-09-18T23:00:00.000000000,0.4416,0.4965344667434692,False,,,Chennai
2026-09-18T03:49:03+00:00,2026-09-18T23:00:00.000000000,0.3304,0.6063238382339478,False,,,Vellore
2026-09-18T03:49:03+00:00,2026-09-18T23:00:00.000000000,0.5376,0.4991987347602844,True,,,Cuddalore
2026-09-18T03:49:03+00:00,2026-09-18T23:00:00.000000000,0.4713,0.6633297801017761,False,,,Salem
2026-09-18T03:49:03+00:00,2026-09-18T23:00:00.000000000,0.3998,0.6950821876525879,False,,,Erode
2026-09-18T03:49:03+00:00,2026-09-18T23:00:00.000000000,0.4136,0.7069346308708191,False,,,Coimbatore
2026-09-18T03:49:03+00:00,2026-09-18T23:00:00.000000000,0.2848,0.4721760749816894,False,,,Tiruchirappalli
2026-09-18T03:49:03+00:00,2026-09-18T23:00:00.000000000,0.2049,0.4487533271312713,False,,,Thanjavur
2026-09-18T03:49:03+00:00,2026-09-18T23:00:00.000000000,0.3252,0.4650175273418426,False,,,Nagapattinam
2026-09-18T03:49:03+00:00,2026-09-18T23:00:00.000000000,0.1832,0.5666149258613586,False,,,Madurai
2026-09-18T03:49:03+00:00,2026-09-18T23:00:00.000000000,0.1899,0.5986827611923218,False,,,Dindigul
2026-09-18T03:49:03+00:00,2026-09-18T23:00:00.000000000,0.2637,0.598065972328186,False,,,Tirunelveli
2026-09-18T03:49:03+00:00,2026-09-18T23:00:00.000000000,0.4024,0.669559121131897,False,,,Kanyakumari
2026-09-18T04:05:50+00:00,2026-09-18T23:00:00.000000000,0.4493,0.4965344667434692,False,,,Chennai
2026-09-18T04:05:50+00:00,2026-09-18T23:00:00.000000000,0.402,0.6063238382339478,False,,,Vellore
2026-09-18T04:05:50+00:00,2026-09-18T23:00:00.000000000,0.5024,0.4991987347602844,True,,,Cuddalore
2026-09-18T04:05:50+00:00,2026-09-18T23:00:00.000000000,0.4111,0.6633297801017761,False,,,Salem
2026-09-18T04:05:50+00:00,2026-09-18T23:00:00.000000000,0.4192,0.6950821876525879,False,,,Erode
2026-09-18T04:05:50+00:00,2026-09-18T23:00:00.000000000,0.4471,0.7069346308708191,False,,,Coimbatore
2026-09-18T04:05:50+00:00,2026-09-18T23:00:00.000000000,0.4374,0.4721760749816894,False,,,Tiruchirappalli
2026-09-18T04:05:50+00:00,2026-09-18T23:00:00.000000000,0.3846,0.4487533271312713,False,,,Thanjavur
2026-09-18T04:05:50+00:00,2026-09-18T23:00:00.000000000,0.2405,0.4650175273418426,False,,,Nagapattinam
2026-09-18T04:05:50+00:00,2026-09-18T23:00:00.000000000,0.2644,0.5666149258613586,False,,,Madurai
2026-09-18T04:05:50+00:00,2026-09-18T23:00:00.000000000,0.0911,0.5986827611923218,False,,,Dindigul
2026-09-18T04:05:50+00:00,2026-09-18T23:00:00.000000000,0.2574,0.598065972328186,False,,,Tirunelveli
2026-09-18T04:05:50+00:00,2026-09-18T23:00:00.000000000,0.454,0.669559121131897,False,,,Kanyakumari
2026-09-18T06:04:34+00:00,2026-09-18T23:00:00.000000000,0.4493,0.4965344667434692,False,,,Chennai
2026-09-18T06:04:34+00:00,2026-09-18T23:00:00.000000000,0.402,0.6063238382339478,False,,,Vellore
2026-09-18T06:04:34+00:00,2026-09-18T23:00:00.000000000,0.5024,0.4991987347602844,True,,,Cuddalore
2026-09-18T06:04:34+00:00,2026-09-18T23:00:00.000000000,0.4111,0.6633297801017761,False,,,Salem
2026-09-18T06:04:34+00:00,2026-09-18T23:00:00.000000000,0.4192,0.6950821876525879,False,,,Erode
2026-09-18T06:04:34+00:00,2026-09-18T23:00:00.000000000,0.4471,0.7069346308708191,False,,,Coimbatore
2026-09-18T06:04:34+00:00,2026-09-18T23:00:00.000000000,0.4374,0.4721760749816894,False,,,Tiruchirappalli
2026-09-18T06:04:34+00:00,2026-09-18T23:00:00.000000000,0.3846,0.4487533271312713,False,,,Thanjavur
2026-09-18T06:04:34+00:00,2026-09-18T23:00:00.000000000,0.2405,0.4650175273418426,False,,,Nagapattinam
2026-09-18T06:04:34+00:00,2026-09-18T23:00:00.000000000,0.2644,0.5666149258613586,False,,,Madurai
2026-09-18T06:04:34+00:00,2026-09-18T23:00:00.000000000,0.0911,0.5986827611923218,False,,,Dindigul
2026-09-18T06:04:34+00:00,2026-09-18T23:00:00.000000000,0.2574,0.598065972328186,False,,,Tirunelveli
2026-09-18T06:04:34+00:00,2026-09-18T23:00:00.000000000,0.454,0.669559121131897,False,,,Kanyakumari
2026-09-22T10:03:07+00:00,2026-09-22T23:00:00.000000000,0.196,0.5632792711257935,False,,,Chennai
2026-09-22T10:03:07+00:00,2026-09-22T23:00:00.000000000,0.1495,0.6178193092346191,False,,,Vellore
2026-09-22T10:03:07+00:00,2026-09-22T23:00:00.000000000,0.0144,0.5521082878112793,False,,,Cuddalore
2026-09-22T10:03:07+00:00,2026-09-22T23:00:00.000000000,0.0099,0.7283477783203125,False,,,Salem
2026-09-22T10:03:07+00:00,2026-09-22T23:00:00.000000000,0.0034,0.7239587903022766,False,,,Erode
2026-09-22T10:03:07+00:00,2026-09-22T23:00:00.000000000,0.0251,0.7331115007400513,False,,,Coimbatore
2026-09-22T10:03:07+00:00,2026-09-22T23:00:00.000000000,0.0012,0.4905285239219665,False,,,Tiruchirappalli
2026-09-22T10:03:07+00:00,2026-09-22T23:00:00.000000000,0.0034,0.5203395485877991,False,,,Thanjavur
2026-09-22T10:03:07+00:00,2026-09-22T23:00:00.000000000,0.0366,0.4908702373504638,False,,,Nagapattinam
2026-09-22T10:03:07+00:00,2026-09-22T23:00:00.000000000,0.0759,0.6586429476737976,False,,,Madurai
2026-09-22T10:03:07+00:00,2026-09-22T23:00:00.000000000,0.0087,0.7206318378448486,False,,,Dindigul
2026-09-22T10:03:07+00:00,2026-09-22T23:00:00.000000000,0.1966,0.6175870895385742,False,,,Tirunelveli
2026-09-22T10:03:07+00:00,2026-09-22T23:00:00.000000000,0.8872,0.5030125975608826,True,,,Kanyakumari
2026-09-22T10:13:39+00:00,2026-09-22T23:00:00.000000000,0.196,0.5632792711257935,False,,,Chennai
2026-09-22T10:13:39+00:00,2026-09-22T23:00:00.000000000,0.1495,0.6178193092346191,False,,,Vellore
2026-09-22T10:13:39+00:00,2026-09-22T23:00:00.000000000,0.0144,0.5521082878112793,False,,,Cuddalore
2026-09-22T10:13:39+00:00,2026-09-22T23:00:00.000000000,0.0099,0.7283477783203125,False,,,Salem
2026-09-22T10:13:39+00:00,2026-09-22T23:00:00.000000000,0.0034,0.7239587903022766,False,,,Erode
2026-09-22T10:13:39+00:00,2026-09-22T23:00:00.000000000,0.0251,0.7331115007400513,False,,,Coimbatore
2026-09-22T10:13:39+00:00,2026-09-22T23:00:00.000000000,0.0012,0.4905285239219665,False,,,Tiruchirappalli
2026-09-22T10:13:39+00:00,2026-09-22T23:00:00.000000000,0.0034,0.5203395485877991,False,,,Thanjavur
2026-09-22T10:13:39+00:00,2026-09-22T23:00:00.000000000,0.0366,0.4908702373504638,False,,,Nagapattinam
2026-09-22T10:13:39+00:00,2026-09-22T23:00:00.000000000,0.0759,0.6586429476737976,False,,,Madurai
2026-09-22T10:13:39+00:00,2026-09-22T23:00:00.000000000,0.0087,0.7206318378448486,False,,,Dindigul
2026-09-22T10:13:39+00:00,2026-09-22T23:00:00.000000000,0.1966,0.6175870895385742,False,,,Tirunelveli
2026-09-22T10:13:39+00:00,2026-09-22T23:00:00.000000000,0.8872,0.5030125975608826,True,,,Kanyakumari
2026-09-25T05:43:56+00:00,2026-09-25T23:00:00.000000000,0.0539,0.5632792711257935,False,,,Chennai
2026-09-25T05:43:56+00:00,2026-09-25T23:00:00.000000000,0.0036,0.6178193092346191,False,,,Vellore
2026-09-25T05:43:56+00:00,2026-09-25T23:00:00.000000000,0.0052,0.5521082878112793,False,,,Cuddalore
2026-09-25T05:43:56+00:00,2026-09-25T23:00:00.000000000,0.0474,0.7283477783203125,False,,,Salem
2026-09-25T05:43:56+00:00,2026-09-25T23:00:00.000000000,0.0009,0.7239587903022766,False,,,Erode
2026-09-25T05:43:56+00:00,2026-09-25T23:00:00.000000000,0.0301,0.7331115007400513,False,,,Coimbatore
2026-09-25T05:43:56+00:00,2026-09-25T23:00:00.000000000,0.0012,0.4905285239219665,False,,,Tiruchirappalli
2026-09-25T05:43:56+00:00,2026-09-25T23:00:00.000000000,0.0156,0.5203395485877991,False,,,Thanjavur
2026-09-25T05:43:56+00:00,2026-09-25T23:00:00.000000000,0.0225,0.4908702373504638,False,,,Nagapattinam
2026-09-25T05:43:56+00:00,2026-09-25T23:00:00.000000000,0.062,0.6586429476737976,False,,,Madurai
2026-09-25T05:43:56+00:00,2026-09-25T23:00:00.000000000,0.0038,0.7206318378448486,False,,,Dindigul
2026-09-25T05:43:56+00:00,2026-09-25T23:00:00.000000000,0.0413,0.6175870895385742,False,,,Tirunelveli
2026-09-25T05:43:56+00:00,2026-09-25T23:00:00.000000000,0.2538,0.5030125975608826,False,,,Kanyakumari
2026-09-25T05:46:34+00:00,2026-09-25T23:00:00.000000000,0.0539,0.5632792711257935,False,,,Chennai
2026-09-25T05:46:34+00:00,2026-09-25T23:00:00.000000000,0.0036,0.6178193092346191,False,,,Vellore
2026-09-25T05:46:34+00:00,2026-09-25T23:00:00.000000000,0.0052,0.5521082878112793,False,,,Cuddalore
2026-09-25T05:46:34+00:00,2026-09-25T23:00:00.000000000,0.0474,0.7283477783203125,False,,,Salem
2026-09-25T05:46:34+00:00,2026-09-25T23:00:00.000000000,0.0009,0.7239587903022766,False,,,Erode
2026-09-25T05:46:34+00:00,2026-09-25T23:00:00.000000000,0.0301,0.7331115007400513,False,,,Coimbatore
2026-09-25T05:46:34+00:00,2026-09-25T23:00:00.000000000,0.0012,0.4905285239219665,False,,,Tiruchirappalli
2026-09-25T05:46:34+00:00,2026-09-25T23:00:00.000000000,0.0156,0.5203395485877991,False,,,Thanjavur
2026-09-25T05:46:34+00:00,2026-09-25T23:00:00.000000000,0.0225,0.4908702373504638,False,,,Nagapattinam
2026-09-25T05:46:34+00:00,2026-09-25T23:00:00.000000000,0.062,0.6586429476737976,False,,,Madurai
2026-09-25T05:46:34+00:00,2026-09-25T23:00:00.000000000,0.0038,0.7206318378448486,False,,,Dindigul
2026-09-25T05:46:34+00:00,2026-09-25T23:00:00.000000000,0.0413,0.6175870895385742,False,,,Tirunelveli
2026-09-25T05:46:34+00:00,2026-09-25T23:00:00.000000000,0.2538,0.5030125975608826,False,,,Kanyakumari
2026-09-29T03:57:07+00:00,2026-09-29T23:00:00.000000000,0.565,0.5632792711257935,True,,,Chennai
2026-09-29T03:57:07+00:00,2026-09-29T23:00:00.000000000,0.5412,0.6178193092346191,False,,,Vellore
2026-09-29T03:57:07+00:00,2026-09-29T23:00:00.000000000,0.6319,0.5521082878112793,True,,,Cuddalore
2026-09-29T03:57:07+00:00,2026-09-29T23:00:00.000000000,0.4399,0.7283477783203125,False,,,Salem
2026-09-29T03:57:07+00:00,2026-09-29T23:00:00.000000000,0.4047,0.7239587903022766,False,,,Erode
2026-09-29T03:57:07+00:00,2026-09-29T23:00:00.000000000,0.1308,0.7331115007400513,False,,,Coimbatore
2026-09-29T03:57:07+00:00,2026-09-29T23:00:00.000000000,0.5244,0.4905285239219665,True,,,Tiruchirappalli
2026-09-29T03:57:07+00:00,2026-09-29T23:00:00.000000000,0.2968,0.5203395485877991,False,,,Thanjavur
2026-09-29T03:57:07+00:00,2026-09-29T23:00:00.000000000,0.6501,0.4908702373504638,True,,,Nagapattinam
2026-09-29T03:57:07+00:00,2026-09-29T23:00:00.000000000,0.4898,0.6586429476737976,False,,,Madurai
2026-09-29T03:57:07+00:00,2026-09-29T23:00:00.000000000,0.3209,0.7206318378448486,False,,,Dindigul
2026-09-29T03:57:07+00:00,2026-09-29T23:00:00.000000000,0.0533,0.6175870895385742,False,,,Tirunelveli
2026-09-29T03:57:07+00:00,2026-09-29T23:00:00.000000000,0.0512,0.5030125975608826,False,,,Kanyakumari
2026-09-29T04:06:58+00:00,2026-09-29T23:00:00.000000000,0.565,0.5632792711257935,True,,,Chennai
2026-09-29T04:06:58+00:00,2026-09-29T23:00:00.000000000,0.5412,0.6178193092346191,False,,,Vellore
2026-09-29T04:06:58+00:00,2026-09-29T23:00:00.000000000,0.6319,0.5521082878112793,True,,,Cuddalore
2026-09-29T04:06:58+00:00,2026-09-29T23:00:00.000000000,0.4399,0.7283477783203125,False,,,Salem
2026-09-29T04:06:58+00:00,2026-09-29T23:00:00.000000000,0.4047,0.7239587903022766,False,,,Erode
2026-09-29T04:06:58+00:00,2026-09-29T23:00:00.000000000,0.1308,0.7331115007400513,False,,,Coimbatore
2026-09-29T04:06:58+00:00,2026-09-29T23:00:00.000000000,0.5244,0.4905285239219665,True,,,Tiruchirappalli
2026-09-29T04:06:58+00:00,2026-09-29T23:00:00.000000000,0.2968,0.5203395485877991,False,,,Thanjavur
2026-09-29T04:06:58+00:00,2026-09-29T23:00:00.000000000,0.6501,0.4908702373504638,True,,,Nagapattinam
2026-09-29T04:06:58+00:00,2026-09-29T23:00:00.000000000,0.4898,0.6586429476737976,False,,,Madurai
2026-09-29T04:06:58+00:00,2026-09-29T23:00:00.000000000,0.3209,0.7206318378448486,False,,,Dindigul
2026-09-29T04:06:58+00:00,2026-09-29T23:00:00.000000000,0.0533,0.6175870895385742,False,,,Tirunelveli
2026-09-29T04:06:58+00:00,2026-09-29T23:00:00.000000000,0.0512,0.5030125975608826,False,,,Kanyakumari
2026-09-29T05:54:26+00:00,2026-09-29T23:00:00.000000000,0.565,0.5632792711257935,True,,,Chennai
2026-09-29T05:54:26+00:00,2026-09-29T23:00:00.000000000,0.5412,0.6178193092346191,False,,,Vellore
2026-09-29T05:54:26+00:00,2026-09-29T23:00:00.000000000,0.6319,0.5521082878112793,True,,,Cuddalore
2026-09-29T05:54:26+00:00,2026-09-29T23:00:00.000000000,0.4399,0.7283477783203125,False,,,Salem
2026-09-29T05:54:26+00:00,2026-09-29T23:00:00.000000000,0.4047,0.7239587903022766,False,,,Erode
2026-09-29T05:54:26+00:00,2026-09-29T23:00:00.000000000,0.1308,0.7331115007400513,False,,,Coimbatore
2026-09-29T05:54:26+00:00,2026-09-29T23:00:00.000000000,0.5244,0.4905285239219665,True,,,Tiruchirappalli
2026-09-29T05:54:26+00:00,2026-09-29T23:00:00.000000000,0.2968,0.5203395485877991,False,,,Thanjavur
2026-09-29T05:54:26+00:00,2026-09-29T23:00:00.000000000,0.6501,0.4908702373504638,True,,,Nagapattinam
2026-09-29T05:54:26+00:00,2026-09-29T23:00:00.000000000,0.4898,0.6586429476737976,False,,,Madurai
2026-09-29T05:54:26+00:00,2026-09-29T23:00:00.000000000,0.3209,0.7206318378448486,False,,,Dindigul
2026-09-29T05:54:26+00:00,2026-09-29T23:00:00.000000000,0.0533,0.6175870895385742,False,,,Tirunelveli
2026-09-29T05:54:26+00:00,2026-09-29T23:00:00.000000000,0.0512,0.5030125975608826,False,,,Kanyakumari
2026-09-29T05:54:44+00:00,2026-09-29T23:00:00.000000000,0.565,0.5632792711257935,True,,,Chennai
2026-09-29T05:54:44+00:00,2026-09-29T23:00:00.000000000,0.5412,0.6178193092346191,False,,,Vellore
2026-09-29T05:54:44+00:00,2026-09-29T23:00:00.000000000,0.6319,0.5521082878112793,True,,,Cuddalore
2026-09-29T05:54:44+00:00,2026-09-29T23:00:00.000000000,0.4399,0.7283477783203125,False,,,Salem
2026-09-29T05:54:44+00:00,2026-09-29T23:00:00.000000000,0.4047,0.7239587903022766,False,,,Erode
2026-09-29T05:54:44+00:00,2026-09-29T23:00:00.000000000,0.1308,0.7331115007400513,False,,,Coimbatore
2026-09-29T05:54:44+00:00,2026-09-29T23:00:00.000000000,0.5244,0.4905285239219665,True,,,Tiruchirappalli
2026-09-29T05:54:44+00:00,2026-09-29T23:00:00.000000000,0.2968,0.5203395485877991,False,,,Thanjavur
2026-09-29T05:54:44+00:00,2026-09-29T23:00:00.000000000,0.6501,0.4908702373504638,True,,,Nagapattinam
2026-09-29T05:54:44+00:00,2026-09-29T23:00:00.000000000,0.4898,0.6586429476737976,False,,,Madurai
2026-09-29T05:54:44+00:00,2026-09-29T23:00:00.000000000,0.3209,0.7206318378448486,False,,,Dindigul
2026-09-29T05:54:44+00:00,2026-09-29T23:00:00.000000000,0.0533,0.6175870895385742,False,,,Tirunelveli
2026-09-29T05:54:44+00:00,2026-09-29T23:00:00.000000000,0.0512,0.5030125975608826,False,,,Kanyakumari
2026-09-29T05:56:30+00:00,2026-09-29T23:00:00.000000000,0.565,0.5632792711257935,True,,,Chennai
2026-09-29T05:56:30+00:00,2026-09-29T23:00:00.000000000,0.5412,0.6178193092346191,False,,,Vellore
2026-09-29T05:56:30+00:00,2026-09-29T23:00:00.000000000,0.6319,0.5521082878112793,True,,,Cuddalore
2026-09-29T05:56:30+00:00,2026-09-29T23:00:00.000000000,0.4399,0.7283477783203125,False,,,Salem
2026-09-29T05:56:30+00:00,2026-09-29T23:00:00.000000000,0.4047,0.7239587903022766,False,,,Erode
2026-09-29T05:56:30+00:00,2026-09-29T23:00:00.000000000,0.1308,0.7331115007400513,False,,,Coimbatore
2026-09-29T05:56:30+00:00,2026-09-29T23:00:00.000000000,0.5244,0.4905285239219665,True,,,Tiruchirappalli
2026-09-29T05:56:30+00:00,2026-09-29T23:00:00.000000000,0.2968,0.5203395485877991,False,,,Thanjavur
2026-09-29T05:56:30+00:00,2026-09-29T23:00:00.000000000,0.6501,0.4908702373504638,True,,,Nagapattinam
2026-09-29T05:56:30+00:00,2026-09-29T23:00:00.000000000,0.4898,0.6586429476737976,False,,,Madurai
2026-09-29T05:56:30+00:00,2026-09-29T23:00:00.000000000,0.3209,0.7206318378448486,False,,,Dindigul
2026-09-29T05:56:30+00:00,2026-09-29T23:00:00.000000000,0.0533,0.6175870895385742,False,,,Tirunelveli
2026-09-29T05:56:30+00:00,2026-09-29T23:00:00.000000000,0.0512,0.5030125975608826,False,,,Kanyakumari
2026-09-29T06:02:57+00:00,2026-09-29T23:00:00.000000000,0.565,0.5632792711257935,True,,,Chennai
2026-09-29T06:02:57+00:00,2026-09-29T23:00:00.000000000,0.5412,0.6178193092346191,False,,,Vellore
2026-09-29T06:02:57+00:00,2026-09-29T23:00:00.000000000,0.6319,0.5521082878112793,True,,,Cuddalore
2026-09-29T06:02:57+00:00,2026-09-29T23:00:00.000000000,0.4399,0.7283477783203125,False,,,Salem
2026-09-29T06:02:57+00:00,2026-09-29T23:00:00.000000000,0.4047,0.7239587903022766,False,,,Erode
2026-09-29T06:02:57+00:00,2026-09-29T23:00:00.000000000,0.1308,0.7331115007400513,False,,,Coimbatore
2026-09-29T06:02:57+00:00,2026-09-29T23:00:00.000000000,0.5244,0.4905285239219665,True,,,Tiruchirappalli
2026-09-29T06:02:57+00:00,2026-09-29T23:00:00.000000000,0.2968,0.5203395485877991,False,,,Thanjavur
2026-09-29T06:02:57+00:00,2026-09-29T23:00:00.000000000,0.6501,0.4908702373504638,True,,,Nagapattinam
2026-09-29T06:02:57+00:00,2026-09-29T23:00:00.000000000,0.4898,0.6586429476737976,False,,,Madurai
2026-09-29T06:02:57+00:00,2026-09-29T23:00:00.000000000,0.3209,0.7206318378448486,False,,,Dindigul
2026-09-29T06:02:57+00:00,2026-09-29T23:00:00.000000000,0.0533,0.6175870895385742,False,,,Tirunelveli
2026-09-29T06:02:57+00:00,2026-09-29T23:00:00.000000000,0.0512,0.5030125975608826,False,,,Kanyakumari
2026-09-29T06:04:25+00:00,2026-09-29T23:00:00.000000000,0.565,0.5632792711257935,True,,,Chennai
2026-09-29T06:04:25+00:00,2026-09-29T23:00:00.000000000,0.5412,0.6178193092346191,False,,,Vellore
2026-09-29T06:04:25+00:00,2026-09-29T23:00:00.000000000,0.6319,0.5521082878112793,True,,,Cuddalore
2026-09-29T06:04:25+00:00,2026-09-29T23:00:00.000000000,0.4399,0.7283477783203125,False,,,Salem
2026-09-29T06:04:25+00:00,2026-09-29T23:00:00.000000000,0.4047,0.7239587903022766,False,,,Erode
2026-09-29T06:04:25+00:00,2026-09-29T23:00:00.000000000,0.1308,0.7331115007400513,False,,,Coimbatore
2026-09-29T06:04:25+00:00,2026-09-29T23:00:00.000000000,0.5244,0.4905285239219665,True,,,Tiruchirappalli
2026-09-29T06:04:25+00:00,2026-09-29T23:00:00.000000000,0.2968,0.5203395485877991,False,,,Thanjavur
2026-09-29T06:04:25+00:00,2026-09-29T23:00:00.000000000,0.6501,0.4908702373504638,True,,,Nagapattinam
2026-09-29T06:04:25+00:00,2026-09-29T23:00:00.000000000,0.4898,0.6586429476737976,False,,,Madurai
2026-09-29T06:04:25+00:00,2026-09-29T23:00:00.000000000,0.3209,0.7206318378448486,False,,,Dindigul
2026-09-29T06:04:25+00:00,2026-09-29T23:00:00.000000000,0.0533,0.6175870895385742,False,,,Tirunelveli
2026-09-29T06:04:25+00:00,2026-09-29T23:00:00.000000000,0.0512,0.5030125975608826,False,,,Kanyakumari
2026-09-29T09:40:08+00:00,2026-09-29T23:00:00.000000000,0.5838,0.5632792711257935,True,,,Chennai
2026-09-29T09:40:08+00:00,2026-09-29T23:00:00.000000000,0.5412,0.6178193092346191,False,,,Vellore
2026-09-29T09:40:08+00:00,2026-09-29T23:00:00.000000000,0.5686,0.5521082878112793,True,,,Cuddalore
2026-09-29T09:40:08+00:00,2026-09-29T23:00:00.000000000,0.4442,0.7283477783203125,False,,,Salem
2026-09-29T09:40:08+00:00,2026-09-29T23:00:00.000000000,0.4412,0.7239587903022766,False,,,Erode
2026-09-29T09:40:08+00:00,2026-09-29T23:00:00.000000000,0.2201,0.7331115007400513,False,,,Coimbatore
2026-09-29T09:40:08+00:00,2026-09-29T23:00:00.000000000,0.4215,0.4905285239219665,False,,,Tiruchirappalli
2026-09-29T09:40:08+00:00,2026-09-29T23:00:00.000000000,0.1247,0.5203395485877991,False,,,Thanjavur
2026-09-29T09:40:08+00:00,2026-09-29T23:00:00.000000000,0.5913,0.4908702373504638,True,,,Nagapattinam
2026-09-29T09:40:08+00:00,2026-09-29T23:00:00.000000000,0.3697,0.6586429476737976,False,,,Madurai
2026-09-29T09:40:08+00:00,2026-09-29T23:00:00.000000000,0.2479,0.7206318378448486,False,,,Dindigul
2026-09-29T09:40:08+00:00,2026-09-29T23:00:00.000000000,0.0654,0.6175870895385742,False,,,Tirunelveli
2026-09-29T09:40:08+00:00,2026-09-29T23:00:00.000000000,0.0557,0.5030125975608826,False,,,Kanyakumari
2026-09-29T09:40:26+00:00,2026-09-29T23:00:00.000000000,0.5838,0.5632792711257935,True,,,Chennai
2026-09-29T09:40:26+00:00,2026-09-29T23:00:00.000000000,0.5412,0.6178193092346191,False,,,Vellore
2026-09-29T09:40:26+00:00,2026-09-29T23:00:00.000000000,0.5686,0.5521082878112793,True,,,Cuddalore
2026-09-29T09:40:26+00:00,2026-09-29T23:00:00.000000000,0.4442,0.7283477783203125,False,,,Salem
2026-09-29T09:40:26+00:00,2026-09-29T23:00:00.000000000,0.4412,0.7239587903022766,False,,,Erode
2026-09-29T09:40:26+00:00,2026-09-29T23:00:00.000000000,0.2201,0.7331115007400513,False,,,Coimbatore
2026-09-29T09:40:26+00:00,2026-09-29T23:00:00.000000000,0.4215,0.4905285239219665,False,,,Tiruchirappalli
2026-09-29T09:40:26+00:00,2026-09-29T23:00:00.000000000,0.1247,0.5203395485877991,False,,,Thanjavur
2026-09-29T09:40:26+00:00,2026-09-29T23:00:00.000000000,0.5913,0.4908702373504638,True,,,Nagapattinam
2026-09-29T09:40:26+00:00,2026-09-29T23:00:00.000000000,0.3697,0.6586429476737976,False,,,Madurai
2026-09-29T09:40:26+00:00,2026-09-29T23:00:00.000000000,0.2479,0.7206318378448486,False,,,Dindigul
2026-09-29T09:40:26+00:00,2026-09-29T23:00:00.000000000,0.0654,0.6175870895385742,False,,,Tirunelveli
2026-09-29T09:40:26+00:00,2026-09-29T23:00:00.000000000,0.0557,0.5030125975608826,False,,,Kanyakumari
2026-09-29T09:53:23+00:00,2026-09-29T23:00:00.000000000,0.5838,0.5632792711257935,True,,,Chennai
2026-09-29T09:53:23+00:00,2026-09-29T23:00:00.000000000,0.5412,0.6178193092346191,False,,,Vellore
2026-09-29T09:53:23+00:00,2026-09-29T23:00:00.000000000,0.5686,0.5521082878112793,True,,,Cuddalore
2026-09-29T09:53:23+00:00,2026-09-29T23:00:00.000000000,0.4442,0.7283477783203125,False,,,Salem
2026-09-29T09:53:23+00:00,2026-09-29T23:00:00.000000000,0.4412,0.7239587903022766,False,,,Erode
2026-09-29T09:53:23+00:00,2026-09-29T23:00:00.000000000,0.2201,0.7331115007400513,False,,,Coimbatore
2026-09-29T09:53:23+00:00,2026-09-29T23:00:00.000000000,0.4215,0.4905285239219665,False,,,Tiruchirappalli
2026-09-29T09:53:23+00:00,2026-09-29T23:00:00.000000000,0.1247,0.5203395485877991,False,,,Thanjavur
2026-09-29T09:53:23+00:00,2026-09-29T23:00:00.000000000,0.5913,0.4908702373504638,True,,,Nagapattinam
2026-09-29T09:53:23+00:00,2026-09-29T23:00:00.000000000,0.3697,0.6586429476737976,False,,,Madurai
2026-09-29T09:53:23+00:00,2026-09-29T23:00:00.000000000,0.2479,0.7206318378448486,False,,,Dindigul
2026-09-29T09:53:23+00:00,2026-09-29T23:00:00.000000000,0.0654,0.6175870895385742,False,,,Tirunelveli
2026-09-29T09:53:23+00:00,2026-09-29T23:00:00.000000000,0.0557,0.5030125975608826,False,,,Kanyakumari
2026-09-29T10:00:26+00:00,2026-09-29T23:00:00.000000000,0.5838,0.5632792711257935,True,,,Chennai
2026-09-29T10:00:26+00:00,2026-09-29T23:00:00.000000000,0.5412,0.6178193092346191,False,,,Vellore
2026-09-29T10:00:26+00:00,2026-09-29T23:00:00.000000000,0.5686,0.5521082878112793,True,,,Cuddalore
2026-09-29T10:00:26+00:00,2026-09-29T23:00:00.000000000,0.4442,0.7283477783203125,False,,,Salem
2026-09-29T10:00:26+00:00,2026-09-29T23:00:00.000000000,0.4412,0.7239587903022766,False,,,Erode
2026-09-29T10:00:26+00:00,2026-09-29T23:00:00.000000000,0.2201,0.7331115007400513,False,,,Coimbatore
2026-09-29T10:00:26+00:00,2026-09-29T23:00:00.000000000,0.4215,0.4905285239219665,False,,,Tiruchirappalli
2026-09-29T10:00:26+00:00,2026-09-29T23:00:00.000000000,0.1247,0.5203395485877991,False,,,Thanjavur
2026-09-29T10:00:26+00:00,2026-09-29T23:00:00.000000000,0.5913,0.4908702373504638,True,,,Nagapattinam
2026-09-29T10:00:26+00:00,2026-09-29T23:00:00.000000000,0.3697,0.6586429476737976,False,,,Madurai
2026-09-29T10:00:26+00:00,2026-09-29T23:00:00.000000000,0.2479,0.7206318378448486,False,,,Dindigul
2026-09-29T10:00:26+00:00,2026-09-29T23:00:00.000000000,0.0654,0.6175870895385742,False,,,Tirunelveli
2026-09-29T10:00:26+00:00,2026-09-29T23:00:00.000000000,0.0557,0.5030125975608826,False,,,Kanyakumari
2026-09-30T06:55:11+00:00,2026-09-30T23:00:00.000000000,0.3742,0.5632792711257935,False,,,Chennai
2026-09-30T06:55:11+00:00,2026-09-30T23:00:00.000000000,0.2551,0.6178193092346191,False,,,Vellore
2026-09-30T06:55:11+00:00,2026-09-30T23:00:00.000000000,0.519,0.5521082878112793,False,,,Cuddalore
2026-09-30T06:55:11+00:00,2026-09-30T23:00:00.000000000,0.5622,0.7283477783203125,False,,,Salem
2026-09-30T06:55:11+00:00,2026-09-30T23:00:00.000000000,0.5552,0.7239587903022766,False,,,Erode
2026-09-30T06:55:11+00:00,2026-09-30T23:00:00.000000000,0.2788,0.7331115007400513,False,,,Coimbatore
2026-09-30T06:55:11+00:00,2026-09-30T23:00:00.000000000,0.4329,0.4905285239219665,False,,,Tiruchirappalli
2026-09-30T06:55:11+00:00,2026-09-30T23:00:00.000000000,0.3883,0.5203395485877991,False,,,Thanjavur
2026-09-30T06:55:11+00:00,2026-09-30T23:00:00.000000000,0.6574,0.4908702373504638,True,,,Nagapattinam
2026-09-30T06:55:11+00:00,2026-09-30T23:00:00.000000000,0.3953,0.6586429476737976,False,,,Madurai
2026-09-30T06:55:11+00:00,2026-09-30T23:00:00.000000000,0.2958,0.7206318378448486,False,,,Dindigul
2026-09-30T06:55:11+00:00,2026-09-30T23:00:00.000000000,0.2545,0.6175870895385742,False,,,Tirunelveli
2026-09-30T06:55:11+00:00,2026-09-30T23:00:00.000000000,0.3222,0.5030125975608826,False,,,Kanyakumari
2026-09-30T06:55:22+00:00,2026-09-30T23:00:00.000000000,0.3742,0.5632792711257935,False,,,Chennai
2026-09-30T06:55:22+00:00,2026-09-30T23:00:00.000000000,0.2551,0.6178193092346191,False,,,Vellore
2026-09-30T06:55:22+00:00,2026-09-30T23:00:00.000000000,0.519,0.5521082878112793,False,,,Cuddalore
2026-09-30T06:55:22+00:00,2026-09-30T23:00:00.000000000,0.5622,0.7283477783203125,False,,,Salem
2026-09-30T06:55:22+00:00,2026-09-30T23:00:00.000000000,0.5552,0.7239587903022766,False,,,Erode
2026-09-30T06:55:22+00:00,2026-09-30T23:00:00.000000000,0.2788,0.7331115007400513,False,,,Coimbatore
2026-09-30T06:55:22+00:00,2026-09-30T23:00:00.000000000,0.4329,0.4905285239219665,False,,,Tiruchirappalli
2026-09-30T06:55:22+00:00,2026-09-30T23:00:00.000000000,0.3883,0.5203395485877991,False,,,Thanjavur
2026-09-30T06:55:22+00:00,2026-09-30T23:00:00.000000000,0.6574,0.4908702373504638,True,,,Nagapattinam
2026-09-30T06:55:22+00:00,2026-09-30T23:00:00.000000000,0.3953,0.6586429476737976,False,,,Madurai
2026-09-30T06:55:22+00:00,2026-09-30T23:00:00.000000000,0.2958,0.7206318378448486,False,,,Dindigul
2026-09-30T06:55:22+00:00,2026-09-30T23:00:00.000000000,0.2545,0.6175870895385742,False,,,Tirunelveli
2026-09-30T06:55:22+00:00,2026-09-30T23:00:00.000000000,0.3222,0.5030125975608826,False,,,Kanyakumari
2026-09-30T06:58:12+00:00,2026-09-30T23:00:00.000000000,0.3742,0.5632792711257935,False,,,Chennai
2026-09-30T06:58:12+00:00,2026-09-30T23:00:00.000000000,0.2551,0.6178193092346191,False,,,Vellore
2026-09-30T06:58:12+00:00,2026-09-30T23:00:00.000000000,0.519,0.5521082878112793,False,,,Cuddalore
2026-09-30T06:58:12+00:00,2026-09-30T23:00:00.000000000,0.5622,0.7283477783203125,False,,,Salem
2026-09-30T06:58:12+00:00,2026-09-30T23:00:00.000000000,0.5552,0.7239587903022766,False,,,Erode
2026-09-30T06:58:12+00:00,2026-09-30T23:00:00.000000000,0.2788,0.7331115007400513,False,,,Coimbatore
2026-09-30T06:58:12+00:00,2026-09-30T23:00:00.000000000,0.4329,0.4905285239219665,False,,,Tiruchirappalli
2026-09-30T06:58:12+00:00,2026-09-30T23:00:00.000000000,0.3883,0.5203395485877991,False,,,Thanjavur
2026-09-30T06:58:12+00:00,2026-09-30T23:00:00.000000000,0.6574,0.4908702373504638,True,,,Nagapattinam
2026-09-30T06:58:12+00:00,2026-09-30T23:00:00.000000000,0.3953,0.6586429476737976,False,,,Madurai
2026-09-30T06:58:12+00:00,2026-09-30T23:00:00.000000000,0.2958,0.7206318378448486,False,,,Dindigul
2026-09-30T06:58:12+00:00,2026-09-30T23:00:00.000000000,0.2545,0.6175870895385742,False,,,Tirunelveli
2026-09-30T06:58:12+00:00,2026-09-30T23:00:00.000000000,0.3222,0.5030125975608826,False,,,Kanyakumari
2026-09-30T06:58:45+00:00,2026-09-30T23:00:00.000000000,0.3742,0.5632792711257935,False,,,Chennai
2026-09-30T06:58:45+00:00,2026-09-30T23:00:00.000000000,0.2551,0.6178193092346191,False,,,Vellore
2026-09-30T06:58:45+00:00,2026-09-30T23:00:00.000000000,0.519,0.5521082878112793,False,,,Cuddalore
2026-09-30T06:58:45+00:00,2026-09-30T23:00:00.000000000,0.5622,0.7283477783203125,False,,,Salem
2026-09-30T06:58:45+00:00,2026-09-30T23:00:00.000000000,0.5552,0.7239587903022766,False,,,Erode
2026-09-30T06:58:45+00:00,2026-09-30T23:00:00.000000000,0.2788,0.7331115007400513,False,,,Coimbatore
2026-09-30T06:58:45+00:00,2026-09-30T23:00:00.000000000,0.4329,0.4905285239219665,False,,,Tiruchirappalli
2026-09-30T06:58:45+00:00,2026-09-30T23:00:00.000000000,0.3883,0.5203395485877991,False,,,Thanjavur
2026-09-30T06:58:45+00:00,2026-09-30T23:00:00.000000000,0.6574,0.4908702373504638,True,,,Nagapattinam
2026-09-30T06:58:45+00:00,2026-09-30T23:00:00.000000000,0.3953,0.6586429476737976,False,,,Madurai
2026-09-30T06:58:45+00:00,2026-09-30T23:00:00.000000000,0.2958,0.7206318378448486,False,,,Dindigul
2026-09-30T06:58:45+00:00,2026-09-30T23:00:00.000000000,0.2545,0.6175870895385742,False,,,Tirunelveli
2026-09-30T06:58:45+00:00,2026-09-30T23:00:00.000000000,0.3222,0.5030125975608826,False,,,Kanyakumari
2026-09-30T07:02:14+00:00,2026-09-30T23:00:00.000000000,0.3742,0.5632792711257935,False,,,Chennai
2026-09-30T07:02:14+00:00,2026-09-30T23:00:00.000000000,0.2551,0.6178193092346191,False,,,Vellore
2026-09-30T07:02:14+00:00,2026-09-30T23:00:00.000000000,0.519,0.5521082878112793,False,,,Cuddalore
2026-09-30T07:02:14+00:00,2026-09-30T23:00:00.000000000,0.5622,0.7283477783203125,False,,,Salem
2026-09-30T07:02:14+00:00,2026-09-30T23:00:00.000000000,0.5552,0.7239587903022766,False,,,Erode
2026-09-30T07:02:14+00:00,2026-09-30T23:00:00.000000000,0.2788,0.7331115007400513,False,,,Coimbatore
2026-09-30T07:02:14+00:00,2026-09-30T23:00:00.000000000,0.4329,0.4905285239219665,False,,,Tiruchirappalli
2026-09-30T07:02:14+00:00,2026-09-30T23:00:00.000000000,0.3883,0.5203395485877991,False,,,Thanjavur
2026-09-30T07:02:14+00:00,2026-09-30T23:00:00.000000000,0.6574,0.4908702373504638,True,,,Nagapattinam
2026-09-30T07:02:14+00:00,2026-09-30T23:00:00.000000000,0.3953,0.6586429476737976,False,,,Madurai
2026-09-30T07:02:14+00:00,2026-09-30T23:00:00.000000000,0.2958,0.7206318378448486,False,,,Dindigul
2026-09-30T07:02:14+00:00,2026-09-30T23:00:00.000000000,0.2545,0.6175870895385742,False,,,Tirunelveli
2026-09-30T07:02:14+00:00,2026-09-30T23:00:00.000000000,0.3222,0.5030125975608826,False,,,Kanyakumari
2026-09-30T07:32:51+00:00,2026-09-30T23:00:00.000000000,0.3742,0.5632792711257935,False,,,Chennai
2026-09-30T07:32:51+00:00,2026-09-30T23:00:00.000000000,0.2551,0.6178193092346191,False,,,Vellore
2026-09-30T07:32:51+00:00,2026-09-30T23:00:00.000000000,0.519,0.5521082878112793,False,,,Cuddalore
2026-09-30T07:32:51+00:00,2026-09-30T23:00:00.000000000,0.5622,0.7283477783203125,False,,,Salem
2026-09-30T07:32:51+00:00,2026-09-30T23:00:00.000000000,0.5552,0.7239587903022766,False,,,Erode
2026-09-30T07:32:51+00:00,2026-09-30T23:00:00.000000000,0.2788,0.7331115007400513,False,,,Coimbatore
2026-09-30T07:32:51+00:00,2026-09-30T23:00:00.000000000,0.4329,0.4905285239219665,False,,,Tiruchirappalli
2026-09-30T07:32:51+00:00,2026-09-30T23:00:00.000000000,0.3883,0.5203395485877991,False,,,Thanjavur
2026-09-30T07:32:51+00:00,2026-09-30T23:00:00.000000000,0.6574,0.4908702373504638,True,,,Nagapattinam
2026-09-30T07:32:51+00:00,2026-09-30T23:00:00.000000000,0.3953,0.6586429476737976,False,,,Madurai
2026-09-30T07:32:51+00:00,2026-09-30T23:00:00.000000000,0.2958,0.7206318378448486,False,,,Dindigul
2026-09-30T07:32:51+00:00,2026-09-30T23:00:00.000000000,0.2545,0.6175870895385742,False,,,Tirunelveli
2026-09-30T07:32:51+00:00,2026-09-30T23:00:00.000000000,0.3222,0.5030125975608826,False,,,Kanyakumari
2026-10-05T05:37:39+00:00,2026-10-05T23:00:00.000000000,0.2076,0.5632792711257935,False,,,Chennai
2026-10-05T05:37:39+00:00,2026-10-05T23:00:00.000000000,0.3233,0.6178193092346191,False,,,Vellore
2026-10-05T05:37:39+00:00,2026-10-05T23:00:00.000000000,0.4005,0.5521082878112793,False,,,Cuddalore
2026-10-05T05:37:39+00:00,2026-10-05T23:00:00.000000000,0.475,0.7283477783203125,False,,,Salem
2026-10-05T05:37:39+00:00,2026-10-05T23:00:00.000000000,0.5291,0.7239587903022766,False,,,Erode
2026-10-05T05:37:39+00:00,2026-10-05T23:00:00.000000000,0.5081,0.7331115007400513,False,,,Coimbatore
2026-10-05T05:37:39+00:00,2026-10-05T23:00:00.000000000,0.5003,0.4905285239219665,True,,,Tiruchirappalli
2026-10-05T05:37:39+00:00,2026-10-05T23:00:00.000000000,0.4317,0.5203395485877991,False,,,Thanjavur
2026-10-05T05:37:39+00:00,2026-10-05T23:00:00.000000000,0.6086,0.4908702373504638,True,,,Nagapattinam
2026-10-05T05:37:39+00:00,2026-10-05T23:00:00.000000000,0.527,0.6586429476737976,False,,,Madurai
2026-10-05T05:37:39+00:00,2026-10-05T23:00:00.000000000,0.505,0.7206318378448486,False,,,Dindigul
2026-10-05T05:37:39+00:00,2026-10-05T23:00:00.000000000,0.7639,0.6175870895385742,True,,,Tirunelveli
2026-10-05T05:37:39+00:00,2026-10-05T23:00:00.000000000,0.7392,0.5030125975608826,True,,,Kanyakumari
2026-10-05T05:41:27+00:00,2026-10-05T23:00:00.000000000,0.2076,0.5632792711257935,False,,,Chennai
2026-10-05T05:41:27+00:00,2026-10-05T23:00:00.000000000,0.3233,0.6178193092346191,False,,,Vellore
2026-10-05T05:41:27+00:00,2026-10-05T23:00:00.000000000,0.4005,0.5521082878112793,False,,,Cuddalore
2026-10-05T05:41:27+00:00,2026-10-05T23:00:00.000000000,0.475,0.7283477783203125,False,,,Salem
2026-10-05T05:41:27+00:00,2026-10-05T23:00:00.000000000,0.5291,0.7239587903022766,False,,,Erode
2026-10-05T05:41:27+00:00,2026-10-05T23:00:00.000000000,0.5081,0.7331115007400513,False,,,Coimbatore
2026-10-05T05:41:27+00:00,2026-10-05T23:00:00.000000000,0.5003,0.49052852392196655,True,,,Tiruchirappalli
2026-10-05T05:41:27+00:00,2026-10-05T23:00:00.000000000,0.4317,0.5203395485877991,False,,,Thanjavur
2026-10-05T05:41:27+00:00,2026-10-05T23:00:00.000000000,0.6086,0.49087023735046387,True,,,Nagapattinam
2026-10-05T05:41:27+00:00,2026-10-05T23:00:00.000000000,0.527,0.6586429476737976,False,,,Madurai
2026-10-05T05:41:27+00:00,2026-10-05T23:00:00.000000000,0.505,0.7206318378448486,False,,,Dindigul
2026-10-05T05:41:27+00:00,2026-10-05T23:00:00.000000000,0.7639,0.6175870895385742,True,,,Tirunelveli
2026-10-05T05:41:27+00:00,2026-10-05T23:00:00.000000000,0.7392,0.5030125975608826,True,,,Kanyakumari
